instance,group,n,p,seed,grasp_cost,vnd_cost,final_cost,ils_iterations,ils_improvements,ils_stop_reason,cs_po_triggers,cs_po_improvements,cs_po_total_gain,cs_ils_promotions,time_grasp_s,time_vnd_s,time_ils_s,time_total_s,status
ali535_005.txt,ali535,,5,42,9956.7698,9956.7698,9956.7698,60,0,iter_limit,4,1,0.0000,0,0.0172,0.0070,6.0670,6.0912,OK
ali535_025.txt,ali535,,25,42,4065.7366,4038.1815,3702.5348,296,21,iter_limit,32,11,68.0858,7,0.0238,0.1022,85.4682,85.5942,OK
ali535_050.txt,ali535,,50,42,2769.9835,2759.8874,2489.7865,189,18,iter_limit,21,8,79.1106,7,0.0224,0.0942,235.5893,235.7060,OK
ali535_100.txt,ali535,,100,42,2086.8341,1701.0717,1470.6835,116,15,iter_limit,14,5,81.4635,5,0.0745,0.9660,165.3214,166.3620,OK
ali535_150.txt,ali535,,150,42,1770.0245,1189.7577,1047.0232,141,21,iter_limit,17,6,71.2708,4,0.1075,2.9581,576.9419,580.0077,OK
fnl4461_0020.txt,fnl4461,,20,42,1309152.7206,1309152.7206,1283901.7482,145,14,iter_limit,15,4,2385.3431,4,3.9681,0.7082,524.6558,529.3322,OK
fnl4461_0100.txt,fnl4461,,100,42,580268.8691,579982.2835,558880.4078,92,12,iter_limit,11,4,7292.4904,4,4.8006,2.4664,846.5730,853.8400,OK
fnl4461_0250.txt,fnl4461,,250,42,364422.6548,363370.4316,344725.8329,156,30,iter_limit,19,10,11450.3365,10,6.8327,12.3297,1522.0211,1541.1836,OK
fnl4461_0500.txt,fnl4461,,500,42,250997.4337,246911.7141,229598.6464,292,39,time_limit,36,13,11850.7515,12,11.1620,59.9158,3600.0676,3671.1455,OK
fnl4461_1000.txt,fnl4461,,1000,42,178010.0052,161149.1076,151455.0931,168,79,time_limit,21,17,4858.0031,17,26.5113,564.5512,3600.4585,4191.5211,OK
lin318_005.txt,lin318,,5,42,181836.2586,181836.2586,180281.2051,131,6,iter_limit,9,2,66.0273,2,0.0042,0.0023,17.9178,17.9244,OK
lin318_015.txt,lin318,,15,42,94785.1850,94785.1850,88901.5631,109,10,iter_limit,8,4,5440.5515,3,0.0064,0.0026,49.3127,49.3218,OK
lin318_040.txt,lin318,,40,42,63797.7786,56392.1653,48228.7017,185,15,iter_limit,21,8,2755.2587,3,0.0089,0.0820,252.6273,252.7183,OK
lin318_070.txt,lin318,,70,42,44714.6802,34721.1417,32684.3671,178,17,iter_limit,22,4,335.0218,1,0.0190,0.2024,265.2038,265.4253,OK
lin318_100.txt,lin318,,100,42,40358.4392,25619.7774,23182.2486,161,20,iter_limit,20,8,450.9511,4,0.0281,0.5381,192.2632,192.8294,OK
p3038_1000.dat,p3038,,1000,42,112977.8968,93253.8831,87079.3214,247,55,iter_limit,30,14,3606.0999,12,19.1865,418.5942,3613.6728,4051.4535,OK
p3038_600.dat,p3038,,600,42,147347.0188,135657.5623,125802.2520,171,41,iter_limit,21,11,5285.5758,10,5.7266,136.1244,1899.2521,2041.1032,OK
p3038_700.dat,p3038,,700,42,138747.2761,123540.8191,111858.3503,296,62,time_limit,37,20,6268.4417,19,8.2408,186.9875,3607.8306,3803.0589,OK
p3038_800.dat,p3038,,800,42,127007.9839,111157.0126,101946.1750,255,53,time_limit,31,16,5059.7919,16,11.5609,241.2401,3601.2355,3854.0365,OK
p3038_900.dat,p3038,,900,42,120258.7733,103015.9337,94029.9833,220,54,iter_limit,27,14,4862.7390,12,14.3604,353.0066,3293.3955,3660.7626,OK
pr2392_020.txt,pr2392,,20,42,2370754.0558,2361158.3650,2231770.8604,233,24,iter_limit,26,6,5322.5672,6,0.6243,1.2222,509.6767,511.5232,OK
pr2392_075.txt,pr2392,,75,42,1165837.1070,1152143.4365,1102412.4597,131,16,iter_limit,15,7,26332.1795,7,0.9471,2.0838,354.7973,357.8284,OK
pr2392_150.txt,pr2392,,150,42,803125.6840,782780.6218,719554.6835,324,28,iter_limit,40,15,40248.6677,14,1.1105,9.1040,1830.6074,1840.8220,OK
pr2392_300.txt,pr2392,,300,42,521371.1922,497769.5622,465546.0928,140,21,iter_limit,17,9,21553.7393,9,1.7667,21.7849,1034.9943,1058.5460,OK
pr2392_500.txt,pr2392,,500,42,389702.8872,350473.9710,320783.4126,387,50,time_limit,48,26,18610.0539,21,3.5847,85.3231,3606.0250,3694.9328,OK
rl1304_010.txt,rl1304,,10,42,2239920.7818,2199745.2450,2148926.8564,91,10,iter_limit,6,1,48.6934,1,0.1602,0.5139,68.4310,69.1051,OK
rl1304_050.txt,rl1304,,50,42,865269.6037,862067.4103,812863.3406,90,8,iter_limit,9,3,22204.2356,3,0.1498,0.0906,76.2622,76.5026,OK
rl1304_100.txt,rl1304,,100,42,565376.3836,546254.1537,504511.9940,100,16,iter_limit,12,5,23744.7045,5,0.2342,1.6989,279.6796,281.6128,OK
rl1304_200.txt,rl1304,,200,42,348260.2851,314586.6270,281847.9303,164,14,iter_limit,20,7,20842.6597,7,0.3931,7.9367,637.7075,646.0373,OK
rl1304_300.txt,rl1304,,300,42,266618.7878,214386.5280,193238.6131,196,22,iter_limit,24,9,9306.3782,9,0.7720,19.0584,1021.2141,1041.0447,OK
u724_010.txt,u724,,10,42,188471.7262,188471.7262,182304.4284,148,9,iter_limit,14,5,336.9135,4,0.0352,0.0121,30.6070,30.6543,OK
u724_030.txt,u724,,30,42,100833.4807,99886.7079,96200.5812,110,9,iter_limit,10,3,703.2702,3,0.0450,0.0680,23.4682,23.5812,OK
u724_075.txt,u724,,75,42,61382.5464,60469.0756,55063.4461,98,12,iter_limit,12,3,2227.9889,3,0.0476,0.2335,59.4441,59.7253,OK
u724_125.txt,u724,,125,42,45516.6764,42099.5261,39629.4334,124,10,iter_limit,15,5,1223.3675,5,0.0951,1.2761,226.1937,227.5650,OK
u724_200.txt,u724,,200,42,33624.3642,30705.9867,28633.0750,124,14,iter_limit,15,6,1502.1604,5,0.1596,3.6671,475.2854,479.1121,OK
ali535_005.txt,ali535,,5,43,11226.3088,11226.3088,9956.7698,64,1,iter_limit,4,0,0.0000,0,0.0128,0.0070,6.2861,6.3059,OK
ali535_025.txt,ali535,,25,43,4493.9521,4101.8414,3749.7597,108,7,iter_limit,11,4,130.3837,3,0.0167,0.0150,60.3072,60.3389,OK
ali535_050.txt,ali535,,50,43,2795.6024,2783.6549,2500.3388,134,16,iter_limit,15,6,121.2136,5,0.0318,0.0240,132.7121,132.7679,OK
ali535_100.txt,ali535,,100,43,2308.2381,1684.0313,1456.1105,172,20,iter_limit,21,6,87.1994,5,0.0416,0.7842,269.1725,269.9984,OK
ali535_150.txt,ali535,,150,43,1874.1677,1250.4084,1040.9993,248,30,iter_limit,31,14,61.7176,8,0.0550,2.1415,1056.7883,1058.9849,OK
fnl4461_0020.txt,fnl4461,,20,43,1304265.6481,1302786.7079,1284032.5399,107,13,iter_limit,10,2,664.7430,1,3.7737,0.6860,505.8154,510.2752,OK
fnl4461_0100.txt,fnl4461,,100,43,579072.3064,578807.8151,555027.4886,222,22,iter_limit,27,9,8966.5267,8,3.2633,2.3023,1541.9134,1547.4791,OK
fnl4461_0250.txt,fnl4461,,250,43,360023.3293,359800.8737,343660.6936,161,17,iter_limit,20,7,13908.3804,6,4.4935,3.3596,1487.1514,1495.0045,OK
fnl4461_0500.txt,fnl4461,,500,43,252183.4584,247618.0363,230556.5065,260,42,time_limit,32,15,10343.8942,12,10.6182,86.8467,3603.7092,3701.1742,OK
fnl4461_1000.txt,fnl4461,,1000,43,177312.5873,164099.4978,151687.2263,168,58,time_limit,21,12,6296.8825,12,26.8402,636.5771,3640.5852,4304.0025,OK
lin318_005.txt,lin318,,5,43,183093.9447,183093.9447,180281.2051,70,2,iter_limit,3,0,0.0000,0,0.0034,0.0024,6.5725,6.5783,OK
lin318_015.txt,lin318,,15,43,97073.0498,97073.0498,88901.5631,152,12,iter_limit,13,5,1232.1783,3,0.0053,0.0026,24.0030,24.0108,OK
lin318_040.txt,lin318,,40,43,50629.0441,50243.2815,48079.8968,84,8,iter_limit,10,3,669.9812,3,0.0056,0.0115,44.9534,44.9705,OK
lin318_070.txt,lin318,,70,43,38355.0435,33992.4772,32407.9672,128,13,iter_limit,16,2,318.9459,2,0.0113,0.1543,214.8429,215.0085,OK
lin318_100.txt,lin318,,100,43,31438.9493,25426.9949,22969.5441,355,33,iter_limit,44,4,0.0000,1,0.0233,0.2913,1350.9122,1351.2268,OK
p3038_1000.dat,p3038,,1000,43,111043.6494,93998.2545,87512.1271,223,50,time_limit,27,13,4173.6279,10,18.0528,432.9116,3603.9324,4054.8969,OK
p3038_600.dat,p3038,,600,43,142614.2363,134744.7922,124204.1676,148,28,iter_limit,18,10,8878.0233,10,6.0612,112.8817,1605.1841,1724.1271,OK
p3038_700.dat,p3038,,700,43,135286.7950,120875.7818,111128.0468,288,49,time_limit,36,22,6738.7753,19,9.0660,197.7821,3634.0448,3840.8930,OK
p3038_800.dat,p3038,,800,43,126005.9292,111975.8746,101369.9548,288,61,time_limit,36,13,6375.5493,13,11.3045,253.8152,3611.5075,3876.6273,OK
p3038_900.dat,p3038,,900,43,119823.0736,100664.3963,94124.6799,260,56,time_limit,32,18,4480.0862,16,17.3453,341.4323,3604.5607,3963.3383,OK
pr2392_020.txt,pr2392,,20,43,2242856.3954,2242402.7486,2237690.3971,99,6,iter_limit,9,2,2410.3867,2,0.6147,0.1394,217.4554,218.2096,OK
pr2392_075.txt,pr2392,,75,43,1158430.7500,1151782.2968,1114039.8692,92,13,iter_limit,11,4,13209.7131,4,0.8336,1.5553,174.5333,176.9223,OK
pr2392_150.txt,pr2392,,150,43,790972.8615,781524.4678,720285.7448,188,13,iter_limit,23,7,45414.7595,7,1.1975,6.4641,880.2680,887.9296,OK
pr2392_300.txt,pr2392,,300,43,526839.9056,510614.4848,461558.4936,228,33,iter_limit,28,14,35583.7026,14,1.8354,23.7449,1550.7189,1576.2992,OK
pr2392_500.txt,pr2392,,500,43,392847.4856,354295.9408,321841.4899,253,46,iter_limit,31,15,18655.9625,14,3.9510,87.1168,2262.3060,2353.3738,OK
rl1304_010.txt,rl1304,,10,43,2195227.2583,2195227.2583,2146830.4805,296,22,iter_limit,31,14,17804.9710,8,0.1617,0.0440,294.7882,294.9939,OK
rl1304_050.txt,rl1304,,50,43,910355.8469,895631.9016,806862.7086,117,12,iter_limit,11,4,13962.8911,4,0.2255,0.6551,99.4121,100.2927,OK
rl1304_100.txt,rl1304,,100,43,558284.1937,543746.0291,506999.7652,153,15,iter_limit,18,6,7970.9615,6,0.2991,1.2288,330.2342,331.7621,OK
rl1304_200.txt,rl1304,,200,43,340591.9591,321736.0775,278897.4507,140,20,iter_limit,17,10,27341.8894,10,0.4671,5.2162,662.2304,667.9137,OK
rl1304_300.txt,rl1304,,300,43,282776.1623,220862.5091,192438.0914,196,33,iter_limit,24,11,9810.9268,9,0.8854,18.6441,950.2121,969.7417,OK
u724_010.txt,u724,,10,43,184843.3499,184843.3499,181881.9976,150,8,iter_limit,13,5,802.8191,2,0.0311,0.0126,23.8073,23.8510,OK
u724_030.txt,u724,,30,43,101026.8926,101026.8926,95581.7975,148,13,iter_limit,15,4,561.8178,4,0.0461,0.0139,34.9132,34.9731,OK
u724_075.txt,u724,,75,43,62684.0712,60498.2673,55477.1048,188,11,iter_limit,23,4,3572.5855,4,0.0759,0.3366,78.7875,79.2001,OK
u724_125.txt,u724,,125,43,46097.2816,42879.2044,39174.2821,180,12,iter_limit,22,6,2844.9020,6,0.1066,1.1075,165.8323,167.0464,OK
u724_200.txt,u724,,200,43,36033.1554,30501.1055,28147.2674,220,32,iter_limit,27,13,1243.5136,12,0.1683,4.0076,1043.0655,1047.2415,OK
ali535_005.txt,ali535,,5,44,11473.2490,11204.6672,9956.7698,64,3,iter_limit,5,2,13.0450,0,0.0197,0.0476,20.9960,21.0633,OK
ali535_025.txt,ali535,,25,44,3871.0351,3867.7063,3710.6232,115,9,iter_limit,10,3,72.4656,3,0.0171,0.0315,26.0746,26.1232,OK
ali535_050.txt,ali535,,50,44,2916.0317,2754.4002,2488.5570,174,18,iter_limit,19,7,103.6638,4,0.0311,0.2283,139.9467,140.2061,OK
ali535_100.txt,ali535,,100,44,1876.9765,1725.9038,1467.0908,163,15,iter_limit,20,7,159.6677,5,0.0402,0.4797,383.0299,383.5499,OK
ali535_150.txt,ali535,,150,44,1999.4762,1215.5355,1044.7732,160,29,iter_limit,20,9,58.7661,8,0.0722,2.3863,768.9841,771.4426,OK
fnl4461_0020.txt,fnl4461,,20,44,1316919.5287,1315931.0923,1286042.0749,244,20,iter_limit,27,8,3451.3795,7,3.8554,0.6767,895.4769,900.0091,OK
fnl4461_0100.txt,fnl4461,,100,44,580090.5778,578742.6202,556118.0106,204,33,iter_limit,25,12,5757.4737,11,5.3915,2.9000,1550.1219,1558.4135,OK
fnl4461_0250.txt,fnl4461,,250,44,369048.7421,366127.7550,342093.9776,260,34,iter_limit,32,16,16844.4239,15,6.4608,28.8131,2161.9513,2197.2253,OK
fnl4461_0500.txt,fnl4461,,500,44,259343.9672,251502.1810,231185.8861,233,47,time_limit,29,17,11493.8603,14,12.8713,151.9926,3606.5953,3771.4593,OK
fnl4461_1000.txt,fnl4461,,1000,44,185303.4458,163914.4808,151923.7924,163,83,time_limit,20,14,3912.1327,13,26.8519,673.1051,3611.2209,4311.1780,OK
lin318_005.txt,lin318,,5,44,181992.4091,181992.4091,180281.2051,84,4,iter_limit,6,2,350.3376,1,0.0053,0.0024,14.5503,14.5581,OK
lin318_015.txt,lin318,,15,44,95792.4318,95792.4318,88901.5631,149,14,iter_limit,13,6,4744.4451,2,0.0077,0.0028,81.8292,81.8396,OK
lin318_040.txt,lin318,,40,44,55144.7849,52920.9648,48046.3861,116,13,iter_limit,13,5,1640.4177,5,0.0124,0.0413,106.8310,106.8848,OK
lin318_070.txt,lin318,,70,44,42030.4831,35056.4276,32469.7358,108,12,iter_limit,13,3,700.1074,2,0.0161,0.1737,29.7006,29.8904,OK
lin318_100.txt,lin318,,100,44,34719.7409,25665.6292,23075.0453,255,21,iter_limit,31,10,0.0000,3,0.0242,0.3212,937.9987,938.3442,OK
p3038_1000.dat,p3038,,1000,44,115756.0414,94731.8455,87082.8990,248,60,time_limit,31,14,4630.1580,14,19.0784,481.5602,3608.0584,4108.6972,OK
p3038_600.dat,p3038,,600,44,144832.9061,136563.9921,125978.2185,175,45,iter_limit,21,11,7534.6843,11,6.8547,123.8231,1986.8090,2117.4869,OK
p3038_700.dat,p3038,,700,44,135682.4565,122186.1723,111430.7302,307,73,time_limit,38,21,4865.2632,21,9.0887,179.8104,3601.2197,3790.1189,OK
p3038_800.dat,p3038,,800,44,130290.5188,112587.5142,101942.6741,247,44,iter_limit,30,13,5646.3862,11,10.6467,294.7988,3098.5189,3403.9645,OK
p3038_900.dat,p3038,,900,44,122139.8585,101821.6555,93888.4118,248,52,time_limit,31,16,5713.9183,16,16.7859,363.7100,3607.6610,3988.1569,OK
pr2392_020.txt,pr2392,,20,44,2291449.8428,2280249.3019,2231342.2871,244,18,iter_limit,26,6,2037.5964,6,0.6535,0.5678,644.0331,645.2544,OK
pr2392_075.txt,pr2392,,75,44,1181633.6571,1159001.7459,1099187.0771,148,13,iter_limit,18,7,28508.4241,7,0.8500,1.6334,372.9867,375.4702,OK
pr2392_150.txt,pr2392,,150,44,812416.4285,793822.2926,721576.3516,148,17,iter_limit,18,6,42703.7140,5,1.2109,8.0988,613.7057,623.0155,OK
pr2392_300.txt,pr2392,,300,44,524993.5830,503662.5107,464955.6999,188,29,iter_limit,23,11,25528.9267,10,1.8681,24.2133,1477.7320,1503.8135,OK
pr2392_500.txt,pr2392,,500,44,388377.5654,349635.5262,319887.9457,196,39,iter_limit,24,14,21576.2153,14,4.0249,70.1434,1743.5507,1817.7190,OK
rl1304_010.txt,rl1304,,10,44,2212733.9349,2212733.9349,2146867.4022,258,26,iter_limit,26,11,11771.5814,6,0.1694,0.0469,226.3666,226.5829,OK
rl1304_050.txt,rl1304,,50,44,895348.6272,875474.2928,815818.6247,130,8,iter_limit,13,3,21176.2140,3,0.2125,0.9808,156.3283,157.5216,OK
rl1304_100.txt,rl1304,,100,44,560621.7570,550001.5983,506425.5902,132,13,iter_limit,16,5,28609.9165,5,0.2797,1.0481,493.4476,494.7755,OK
rl1304_200.txt,rl1304,,200,44,338854.0758,313537.8813,280857.3080,140,21,iter_limit,17,7,21442.4644,7,0.4979,6.4169,640.0416,646.9565,OK
rl1304_300.txt,rl1304,,300,44,274447.1869,215902.8532,192468.2531,300,26,iter_limit,37,13,17782.4255,13,0.8442,14.1193,1719.9907,1734.9543,OK
u724_010.txt,u724,,10,44,183254.2662,183254.2662,181967.4608,102,9,iter_limit,6,1,53.3630,1,0.0288,0.0119,10.8705,10.9113,OK
u724_030.txt,u724,,30,44,100980.3504,100980.3504,95444.5332,141,7,iter_limit,15,5,2325.2281,5,0.0412,0.0128,25.2434,25.2973,OK
u724_075.txt,u724,,75,44,59359.4704,59066.5902,55287.9935,116,13,iter_limit,14,6,1443.6565,4,0.0443,0.1521,46.2151,46.4115,OK
u724_125.txt,u724,,125,44,45378.8036,42106.5537,39146.4555,124,14,iter_limit,15,5,1793.3071,5,0.0939,0.8775,166.6831,167.6544,OK
u724_200.txt,u724,,200,44,34106.3887,30750.1350,28439.1255,131,14,iter_limit,16,5,1240.6714,4,0.1525,3.5519,457.9604,461.6647,OK
ali535_005.txt,ali535,,5,45,10048.6051,10005.3729,9956.7698,73,3,iter_limit,5,1,0.9699,1,0.0148,0.0159,7.7467,7.7774,OK
ali535_025.txt,ali535,,25,45,3948.4484,3948.2995,3702.3918,261,17,iter_limit,27,5,70.5512,5,0.0292,0.0159,49.7188,49.7639,OK
ali535_050.txt,ali535,,50,45,2826.7200,2767.1936,2510.7792,229,21,iter_limit,26,11,85.3196,6,0.0246,0.0646,746.2722,746.3614,OK
ali535_100.txt,ali535,,100,45,1895.2755,1666.9199,1459.8808,167,20,iter_limit,20,5,84.7418,5,0.0403,0.5380,172.9397,173.5181,OK
ali535_150.txt,ali535,,150,45,1894.6888,1227.5502,1050.1790,446,30,iter_limit,55,6,33.9970,6,0.0674,2.8253,1548.3355,1551.2283,OK
fnl4461_0020.txt,fnl4461,,20,45,1315056.0799,1314816.7869,1286128.2435,140,15,iter_limit,14,3,4044.3966,3,3.7149,0.6392,880.3890,884.7431,OK
fnl4461_0100.txt,fnl4461,,100,45,587750.6687,584154.3555,556581.8787,206,31,iter_limit,25,11,5260.5388,11,5.2202,11.7921,1583.2655,1600.2778,OK
fnl4461_0250.txt,fnl4461,,250,45,363903.2608,362092.3617,341419.5268,221,37,iter_limit,27,17,11862.9052,15,6.3639,14.3729,2064.8500,2085.5869,OK
fnl4461_0500.txt,fnl4461,,500,45,251175.1512,248381.3372,230488.6604,148,34,iter_limit,18,10,11492.2993,10,11.0610,59.5531,2095.6510,2166.2652,OK
fnl4461_1000.txt,fnl4461,,1000,45,179308.4837,164330.7015,151144.4834,163,72,time_limit,20,17,5534.3720,14,25.2823,539.3235,3605.2549,4169.8608,OK
lin318_005.txt,lin318,,5,45,182733.3937,182733.3937,180281.2051,101,9,iter_limit,6,2,17.2378,2,0.0033,0.0023,15.7423,15.7480,OK
lin318_015.txt,lin318,,15,45,94316.1208,93990.5959,88901.5631,88,5,iter_limit,7,2,1973.9262,1,0.0098,0.0053,11.4977,11.5129,OK
lin318_040.txt,lin318,,40,45,51907.8280,51165.4046,48208.9767,107,7,iter_limit,12,4,1080.2937,3,0.0100,0.0215,20.0848,20.1164,OK
lin318_070.txt,lin318,,70,45,40638.2020,35337.3174,32316.0970,242,21,iter_limit,30,8,792.2417,4,0.0118,0.1775,354.0026,354.1919,OK
lin318_100.txt,lin318,,100,45,36218.7857,25336.3710,23231.4766,119,14,iter_limit,14,2,252.0858,2,0.0244,0.3463,398.1845,398.5553,OK
p3038_1000.dat,p3038,,1000,45,120310.1610,95136.8575,86933.4974,236,69,iter_limit,29,16,3795.2488,14,20.5654,509.9792,3594.1615,4124.7061,OK
p3038_600.dat,p3038,,600,45,145564.1113,136156.1727,125692.3804,212,47,iter_limit,26,13,5407.1248,13,6.1914,122.1680,2328.6486,2457.0082,OK
p3038_700.dat,p3038,,700,45,137892.1311,125141.3102,111410.3248,303,61,time_limit,37,20,6759.1111,20,8.6179,217.5242,3610.5690,3836.7111,OK
p3038_800.dat,p3038,,800,45,131776.4086,111579.7196,101676.7444,228,49,iter_limit,28,11,4985.1579,11,11.0546,302.5869,3121.3294,3434.9710,OK
p3038_900.dat,p3038,,900,45,131447.4227,103227.3839,93860.3190,247,67,time_limit,30,21,5236.2381,18,17.0469,402.7253,3604.9283,4024.7005,OK
pr2392_020.txt,pr2392,,20,45,2276415.5163,2276415.5163,2232686.9519,94,9,iter_limit,8,2,700.1769,2,0.4333,0.1334,253.5832,254.1500,OK
pr2392_075.txt,pr2392,,75,45,1167596.4839,1146401.3943,1097888.1231,212,17,iter_limit,26,10,25093.1446,10,0.6625,3.3605,502.4251,506.4483,OK
pr2392_150.txt,pr2392,,150,45,794339.0069,782303.9311,718964.6493,188,23,iter_limit,23,12,29431.9396,9,1.1380,5.5869,1017.9625,1024.6875,OK
pr2392_300.txt,pr2392,,300,45,540812.5666,509067.3265,460115.9765,268,31,iter_limit,33,20,32671.6607,20,1.9647,21.4627,1975.0873,1998.5147,OK
pr2392_500.txt,pr2392,,500,45,392080.1070,357121.5040,320232.8431,300,58,iter_limit,37,22,18480.5979,21,4.7889,78.8352,2630.9932,2714.6174,OK
rl1304_010.txt,rl1304,,10,45,2217153.1046,2216905.7704,2147231.4667,247,23,iter_limit,24,9,8192.2167,7,0.1793,0.0459,220.0055,220.2307,OK
rl1304_050.txt,rl1304,,50,45,902529.1645,896954.0764,808018.3801,152,12,iter_limit,15,3,23122.6892,3,0.1945,0.3763,114.7989,115.3698,OK
rl1304_100.txt,rl1304,,100,45,550545.0319,544831.1324,503837.0000,124,15,iter_limit,15,7,24546.7129,7,0.2702,0.4962,270.7194,271.4858,OK
rl1304_200.txt,rl1304,,200,45,350348.2455,311287.3298,280750.9821,290,30,iter_limit,36,15,18857.0117,15,0.4453,5.8823,1510.4154,1516.7430,OK
rl1304_300.txt,rl1304,,300,45,253841.1868,215751.0175,193221.1585,172,28,iter_limit,21,11,8193.8872,10,0.8049,14.4129,880.5011,895.7190,OK
u724_010.txt,u724,,10,45,184948.3298,184948.3298,181798.8345,151,9,iter_limit,13,5,1232.4582,3,0.0363,0.0129,25.8048,25.8540,OK
u724_030.txt,u724,,30,45,102643.8843,101931.9958,95839.3841,69,4,iter_limit,5,1,1602.1544,1,0.0543,0.1044,9.7772,9.9359,OK
u724_075.txt,u724,,75,45,64903.8024,62143.9021,55176.2098,140,13,iter_limit,17,5,2728.8263,5,0.0745,0.4418,103.8774,104.3938,OK
u724_125.txt,u724,,125,45,44882.0619,42347.1030,39407.9709,132,16,iter_limit,16,7,1943.3911,7,0.0997,0.8806,157.1949,158.1753,OK
u724_200.txt,u724,,200,45,37914.5247,30301.7009,28375.2345,148,18,iter_limit,18,8,1292.6204,7,0.1705,5.1930,514.1226,519.4862,OK
ali535_005.txt,ali535,,5,46,9956.7698,9956.7698,9956.7698,60,0,iter_limit,4,0,0.0000,0,0.0172,0.0070,5.6754,5.6997,OK
ali535_025.txt,ali535,,25,46,4161.3896,4048.3481,3731.1054,150,15,iter_limit,15,5,34.1808,5,0.0250,0.0162,107.2181,107.2594,OK
ali535_050.txt,ali535,,50,46,2815.0416,2728.1181,2475.1875,182,19,iter_limit,21,8,53.8334,5,0.0313,0.1124,61.5852,61.7289,OK
ali535_100.txt,ali535,,100,46,1877.3661,1637.5073,1474.7009,89,14,iter_limit,11,3,70.1409,3,0.0406,0.5628,115.3635,115.9669,OK
ali535_150.txt,ali535,,150,46,1452.0277,1211.2387,1044.8643,310,32,iter_limit,38,14,98.8048,7,0.0653,1.5540,1339.4871,1341.1064,OK
fnl4461_0020.txt,fnl4461,,20,46,1313021.9681,1313021.9681,1284396.9747,141,16,iter_limit,15,6,4939.2019,6,3.7862,0.6918,525.6461,530.1241,OK
fnl4461_0100.txt,fnl4461,,100,46,575685.3814,574657.8037,558002.1406,148,18,iter_limit,18,8,7993.5450,8,4.8836,3.2615,1354.5723,1362.7175,OK
fnl4461_0250.txt,fnl4461,,250,46,364794.9360,359956.5878,345647.5712,108,16,iter_limit,13,6,10360.9660,6,6.4200,28.2792,1172.6478,1207.3471,OK
fnl4461_0500.txt,fnl4461,,500,46,255911.2246,247513.6656,231967.9517,196,25,iter_limit,24,12,12985.7406,10,11.7345,105.6599,3097.9116,3215.3061,OK
fnl4461_1000.txt,fnl4461,,1000,46,174511.4802,160447.5443,149470.9640,168,73,time_limit,21,18,6066.4179,17,24.4697,608.4422,3615.8430,4248.7549,OK
lin318_005.txt,lin318,,5,46,181992.4091,181992.4091,180281.2051,83,4,iter_limit,5,2,9.3965,1,0.0061,0.0025,11.4300,11.4385,OK
lin318_015.txt,lin318,,15,46,101279.3751,101279.3751,88901.5631,159,11,iter_limit,14,4,2356.3377,3,0.0047,0.0026,48.5899,48.5972,OK
lin318_040.txt,lin318,,40,46,53711.0736,51764.6300,48293.9628,164,15,iter_limit,19,5,943.0773,5,0.0071,0.0343,129.4763,129.5178,OK
lin318_070.txt,lin318,,70,46,41200.8654,34727.8022,32556.2135,150,16,iter_limit,18,7,737.6719,4,0.0183,0.2103,258.1750,258.4037,OK
lin318_100.txt,lin318,,100,46,34465.2065,26006.1806,23029.4324,270,20,iter_limit,33,8,0.0000,2,0.0241,0.3417,1079.1311,1079.4970,OK
p3038_1000.dat,p3038,,1000,46,113889.7450,94658.4964,87220.5749,294,64,time_limit,36,21,4037.1818,9,18.7044,421.4297,3620.3699,4060.5041,OK
p3038_600.dat,p3038,,600,46,142998.5274,135518.1566,124518.0852,252,47,iter_limit,31,17,7875.1663,17,6.7675,108.7288,2769.7348,2885.2311,OK
p3038_700.dat,p3038,,700,46,134746.5338,123081.9822,111669.4483,292,63,iter_limit,36,21,6212.7559,20,9.2085,183.1322,3557.1752,3749.5160,OK
p3038_800.dat,p3038,,800,46,125336.8770,109954.5195,101537.0872,172,43,iter_limit,21,13,5836.4032,13,11.8156,271.1002,2436.5500,2719.4659,OK
p3038_900.dat,p3038,,900,46,121282.1503,102363.3282,93578.1342,254,51,time_limit,31,21,4684.8037,20,14.9312,376.0619,3602.2535,3993.2467,OK
pr2392_020.txt,pr2392,,20,46,2331112.0780,2323159.0089,2230551.9076,172,15,iter_limit,18,7,8948.8627,7,0.6322,0.9443,437.3609,438.9375,OK
pr2392_075.txt,pr2392,,75,46,1150092.5405,1145244.3037,1102144.4854,166,9,iter_limit,20,6,18571.7363,6,1.0939,2.0791,445.8439,449.0170,OK
pr2392_150.txt,pr2392,,150,46,786480.6076,772632.1438,720836.3052,180,29,iter_limit,22,12,21639.0998,12,1.1448,6.0336,1073.3471,1080.5256,OK
pr2392_300.txt,pr2392,,300,46,527095.6532,499726.8569,461355.4386,186,23,iter_limit,23,11,30354.0474,11,1.6909,17.2182,1283.9800,1302.8892,OK
pr2392_500.txt,pr2392,,500,46,384778.5182,346302.4103,318719.3026,284,41,iter_limit,35,20,19694.3308,20,3.7274,63.2074,2465.1066,2532.0415,OK
rl1304_010.txt,rl1304,,10,46,2199540.8024,2171555.0310,2159977.2399,94,6,iter_limit,7,2,1416.5426,1,0.1833,0.7887,85.8953,86.8673,OK
rl1304_050.txt,rl1304,,50,46,883017.7529,876247.8027,814878.7613,144,15,iter_limit,15,4,13269.2063,4,0.2007,0.3067,223.6277,224.1351,OK
rl1304_100.txt,rl1304,,100,46,573769.1384,562045.9817,503924.4853,108,19,iter_limit,13,6,23349.0309,6,0.2921,1.4632,201.0575,202.8129,OK
rl1304_200.txt,rl1304,,200,46,367021.3967,319442.9653,280153.5314,132,21,iter_limit,16,9,15529.2106,9,0.5763,5.6366,585.2497,591.4626,OK
rl1304_300.txt,rl1304,,300,46,296489.9893,223496.9465,195266.8947,116,24,iter_limit,14,7,18318.2666,6,0.8637,18.4997,598.1509,617.5143,OK
u724_010.txt,u724,,10,46,191803.7041,189203.7335,182102.3101,146,9,iter_limit,12,4,736.6383,2,0.0232,0.1254,28.1707,28.3193,OK
u724_030.txt,u724,,30,46,101076.3981,101076.3981,95467.5315,236,12,iter_limit,26,7,2265.6145,5,0.0266,0.0124,42.6496,42.6887,OK
u724_075.txt,u724,,75,46,60045.6478,59668.3852,55347.8226,116,13,iter_limit,14,5,2344.5383,5,0.0704,0.1068,108.4700,108.6473,OK
u724_125.txt,u724,,125,46,46281.6533,42548.9209,39279.0157,106,16,iter_limit,13,5,2003.8078,5,0.0928,1.0655,212.1229,213.2812,OK
u724_200.txt,u724,,200,46,37858.0892,30760.7084,28325.2372,186,28,iter_limit,23,10,1799.3601,10,0.1697,5.4025,751.0140,756.5861,OK
ali535_005.txt,ali535,,5,47,11315.6592,11231.1124,9956.7698,83,8,iter_limit,5,1,13.0450,0,0.0156,0.0135,21.2050,21.2341,OK
ali535_025.txt,ali535,,25,47,4600.1857,4031.0906,3746.1878,123,14,iter_limit,12,4,165.2745,4,0.0285,0.0563,31.7150,31.7998,OK
ali535_050.txt,ali535,,50,47,2760.6510,2705.3733,2500.8933,115,10,iter_limit,12,6,50.5062,5,0.0348,0.1326,156.9754,157.1428,OK
ali535_100.txt,ali535,,100,47,2037.5766,1684.3023,1457.8943,232,21,iter_limit,29,8,55.1638,7,0.0468,0.5968,178.0791,178.7227,OK
ali535_150.txt,ali535,,150,47,1704.1198,1247.6149,1042.4283,147,22,iter_limit,18,7,50.0216,7,0.0696,2.3378,590.1920,592.5994,OK
fnl4461_0020.txt,fnl4461,,20,47,1308578.6537,1305740.5799,1285268.9207,166,16,iter_limit,18,5,3084.9753,5,3.6980,2.0464,756.0169,761.7613,OK
fnl4461_0100.txt,fnl4461,,100,47,578080.8285,577266.8476,557227.4415,210,22,iter_limit,26,9,2821.7376,7,4.5512,6.1564,1590.2616,1600.9693,OK
fnl4461_0250.txt,fnl4461,,250,47,362509.2520,361082.1886,345288.0837,157,31,iter_limit,19,10,8794.8828,10,5.6565,9.7819,1669.8321,1685.2706,OK
fnl4461_0500.txt,fnl4461,,500,47,252019.3233,246592.6201,229568.6825,211,54,time_limit,26,19,8739.1533,19,10.8137,103.2709,3602.9180,3717.0026,OK
fnl4461_1000.txt,fnl4461,,1000,47,177167.2913,162520.3905,150767.8172,158,71,time_limit,19,15,4323.9495,12,26.3378,571.1555,3609.0498,4206.5431,OK
lin318_005.txt,lin318,,5,47,208774.2447,202286.5551,180281.2051,130,9,iter_limit,10,4,1058.2351,2,0.0041,0.0216,22.6183,22.6440,OK
lin318_015.txt,lin318,,15,47,97396.0657,97396.0657,88901.5631,99,8,iter_limit,8,2,1403.6945,2,0.0076,0.0028,15.3456,15.3561,OK
lin318_040.txt,lin318,,40,47,57304.1368,52112.8788,47996.2137,191,14,iter_limit,23,6,648.9760,6,0.0125,0.0556,110.7411,110.8093,OK
lin318_070.txt,lin318,,70,47,39721.2532,34247.3810,32348.8971,107,14,iter_limit,13,3,78.5337,2,0.0166,0.1767,280.4304,280.6237,OK
lin318_100.txt,lin318,,100,47,36476.8498,24694.1991,23118.0508,228,17,iter_limit,28,8,0.0000,1,0.0248,0.6169,663.6452,664.2869,OK
p3038_1000.dat,p3038,,1000,47,113028.5198,94989.3182,87384.8138,272,87,time_limit,34,18,3524.0937,15,21.3024,427.7757,3607.1358,4056.2140,OK
p3038_600.dat,p3038,,600,47,151123.9490,138208.3563,126076.8926,309,73,time_limit,38,26,4982.1523,22,8.3970,151.5871,3608.8779,3768.8621,OK
p3038_700.dat,p3038,,700,47,143309.7794,123299.5750,111100.8989,206,50,iter_limit,25,16,7728.4341,15,10.9768,244.9502,2578.0150,2833.9421,OK
p3038_800.dat,p3038,,800,47,133590.0272,111609.4796,102426.8847,269,68,time_limit,33,19,4390.1729,17,13.9372,362.1949,3606.8332,3982.9654,OK
p3038_900.dat,p3038,,900,47,128052.6837,104219.7883,94090.3308,254,77,time_limit,31,21,5210.4213,19,17.9058,404.5990,3603.2915,4025.7963,OK
pr2392_020.txt,pr2392,,20,47,2267991.1782,2267991.1782,2232120.6527,151,12,iter_limit,15,4,17244.4872,4,0.5318,0.1377,392.7350,393.4045,OK
pr2392_075.txt,pr2392,,75,47,1187739.7420,1181662.5290,1097913.0397,204,23,iter_limit,25,10,35279.5835,10,0.6733,1.4494,411.2691,413.3919,OK
pr2392_150.txt,pr2392,,150,47,813175.5113,797840.3669,718766.9027,124,18,iter_limit,15,8,50021.8238,8,1.0487,5.5699,425.7193,432.3379,OK
pr2392_300.txt,pr2392,,300,47,535180.8995,505999.5752,461843.0815,308,40,iter_limit,38,20,25569.7844,19,1.7060,23.9882,2417.5766,2443.2709,OK
pr2392_500.txt,pr2392,,500,47,399042.3997,356099.6533,321100.0786,248,47,iter_limit,31,18,20027.1697,15,3.4556,81.4933,2187.0826,2272.0316,OK
rl1304_010.txt,rl1304,,10,47,2193423.1621,2193423.1621,2147400.5171,160,22,iter_limit,13,2,1283.8091,1,0.1549,0.0407,150.5195,150.7151,OK
rl1304_050.txt,rl1304,,50,47,861254.3811,855980.3819,813295.8117,117,10,iter_limit,12,5,11661.6320,5,0.1985,0.3163,154.3471,154.8620,OK
rl1304_100.txt,rl1304,,100,47,570507.0277,551508.4240,505253.7457,108,13,iter_limit,13,5,24688.0876,5,0.2639,1.5731,242.0733,243.9103,OK
rl1304_200.txt,rl1304,,200,47,335337.4411,307123.8613,283966.1726,140,15,iter_limit,17,8,13574.1621,8,0.4187,3.2702,657.0837,660.7726,OK
rl1304_300.txt,rl1304,,300,47,263920.5462,215054.3682,192668.5928,212,34,iter_limit,26,16,14087.9135,11,0.7355,15.4980,1105.9903,1122.2239,OK
u724_010.txt,u724,,10,47,183540.0265,183540.0265,181825.2877,122,14,iter_limit,10,5,538.5156,3,0.0340,0.0135,20.3248,20.3723,OK
u724_030.txt,u724,,30,47,101435.2145,101435.2145,95793.0101,106,8,iter_limit,10,3,1543.8681,3,0.0437,0.0126,15.2742,15.3306,OK
u724_075.txt,u724,,75,47,61636.2911,60317.5779,55014.7133,108,12,iter_limit,13,6,3069.8816,6,0.0665,0.2941,89.8632,90.2238,OK
u724_125.txt,u724,,125,47,45888.4674,42460.1582,39438.1709,100,14,iter_limit,12,5,1762.3176,5,0.1105,1.1386,325.6302,326.8793,OK
u724_200.txt,u724,,200,47,40940.7739,30583.6518,28255.0933,197,20,iter_limit,24,10,1503.9596,9,0.2049,6.2891,732.5231,739.0171,OK
ali535_005.txt,ali535,,5,48,10070.8938,9985.0736,9956.7698,71,5,iter_limit,6,2,13.0450,0,0.0125,0.0213,21.6264,21.6602,OK
ali535_025.txt,ali535,,25,48,4067.1101,4043.4217,3711.7171,220,16,iter_limit,24,8,62.6905,5,0.0295,0.0641,36.1911,36.2848,OK
ali535_050.txt,ali535,,50,48,2814.6635,2775.7220,2510.5869,124,6,iter_limit,13,2,155.1898,2,0.0210,0.0737,44.5153,44.6100,OK
ali535_100.txt,ali535,,100,48,2046.1639,1631.7354,1463.1209,299,21,iter_limit,37,8,43.9916,6,0.0396,0.6963,805.6573,806.3933,OK
ali535_150.txt,ali535,,150,48,1767.7966,1291.3805,1049.4085,279,30,iter_limit,34,5,50.8471,5,0.0611,1.6243,1100.5367,1102.2222,OK
fnl4461_0020.txt,fnl4461,,20,48,1331529.4819,1331494.9356,1284329.6669,212,15,iter_limit,23,6,4424.2287,6,2.9663,1.2837,679.7771,684.0272,OK
fnl4461_0100.txt,fnl4461,,100,48,582190.9263,581415.4914,556989.9287,175,22,iter_limit,21,6,2758.1641,6,4.9461,3.7378,1275.8180,1284.5020,OK
fnl4461_0250.txt,fnl4461,,250,48,364520.0082,363450.6168,343789.1558,164,27,iter_limit,20,12,12646.3875,12,6.3427,16.1526,1683.1543,1705.6497,OK
fnl4461_0500.txt,fnl4461,,500,48,251527.3079,247122.7151,229874.2575,223,35,iter_limit,27,13,11280.2692,10,9.8080,70.6307,3200.5776,3281.0163,OK
fnl4461_1000.txt,fnl4461,,1000,48,170841.0159,160273.9326,148132.4862,179,63,time_limit,22,17,9326.1090,17,29.0077,494.3206,3606.2708,4129.5992,OK
lin318_005.txt,lin318,,5,48,181983.4508,181983.4508,180281.2051,87,6,iter_limit,6,2,140.1689,2,0.0042,0.0023,19.9114,19.9180,OK
lin318_015.txt,lin318,,15,48,96595.5881,93805.3352,88901.5631,102,7,iter_limit,10,3,1680.4560,3,0.0057,0.0057,18.9304,18.9417,OK
lin318_040.txt,lin318,,40,48,57252.7461,52724.3800,48157.1700,164,20,iter_limit,18,9,387.2849,7,0.0078,0.0852,33.0051,33.0981,OK
lin318_070.txt,lin318,,70,48,43024.1247,35386.9788,32312.4488,270,16,iter_limit,33,3,585.0093,2,0.0156,0.1765,630.5130,630.7051,OK
lin318_100.txt,lin318,,100,48,33686.7175,24762.1697,23062.3005,267,23,iter_limit,33,8,0.0000,1,0.0202,0.4767,697.0631,697.5600,OK
p3038_1000.dat,p3038,,1000,48,115348.5515,94619.2175,87169.6962,241,60,time_limit,30,15,4598.0483,12,19.3919,442.6391,3602.0500,4064.0811,OK
p3038_600.dat,p3038,,600,48,146094.4322,134958.8605,124180.0510,336,42,time_limit,42,21,7461.1258,19,6.9540,156.9130,3614.7705,3778.6376,OK
p3038_700.dat,p3038,,700,48,134580.1195,121805.7225,111171.2867,291,56,time_limit,36,21,7111.7732,17,8.8224,200.8099,3600.7886,3810.4210,OK
p3038_800.dat,p3038,,800,48,129433.6056,111608.0044,101447.1648,228,50,iter_limit,28,13,6412.8607,11,11.5297,281.3412,3197.6502,3490.5211,OK
p3038_900.dat,p3038,,900,48,119432.5005,102364.8742,93470.3233,257,63,time_limit,32,19,4940.7660,18,15.0230,377.9686,3605.7260,3998.7177,OK
pr2392_020.txt,pr2392,,20,48,2330133.4251,2308544.9513,2238818.2032,89,7,iter_limit,7,1,2120.4811,1,0.6453,0.8368,300.8936,302.3757,OK
pr2392_075.txt,pr2392,,75,48,1182200.3138,1171675.8324,1101071.6206,189,25,iter_limit,23,11,14939.2479,9,0.9497,2.5233,510.7647,514.2377,OK
pr2392_150.txt,pr2392,,150,48,802941.5263,781401.4897,717600.3725,140,25,iter_limit,17,9,27807.7618,9,1.1637,5.6354,611.3651,618.1642,OK
pr2392_300.txt,pr2392,,300,48,532298.5635,504072.9649,462732.7517,252,28,iter_limit,31,16,30890.1883,15,1.8621,23.8586,1890.5585,1916.2792,OK
pr2392_500.txt,pr2392,,500,48,405812.1494,350738.4551,318487.4436,244,54,iter_limit,30,16,18410.8749,15,3.7925,90.3437,2150.9193,2245.0556,OK
rl1304_010.txt,rl1304,,10,48,2223475.8140,2214204.5624,2147392.7092,195,19,iter_limit,17,6,2532.9152,4,0.1329,0.2781,188.8439,189.2549,OK
rl1304_050.txt,rl1304,,50,48,883632.6785,853987.9754,809788.3716,130,6,iter_limit,13,3,9500.9947,3,0.2042,0.7676,98.5972,99.5690,OK
rl1304_100.txt,rl1304,,100,48,559665.2920,553076.1514,502807.1271,116,18,iter_limit,14,7,26585.0650,7,0.2741,0.4871,221.0273,221.7885,OK
rl1304_200.txt,rl1304,,200,48,344493.7960,310979.7338,282005.0553,116,23,iter_limit,14,7,16308.4772,7,0.4645,5.7931,542.4765,548.7341,OK
rl1304_300.txt,rl1304,,300,48,279907.2407,220482.7004,193006.0910,220,30,iter_limit,27,12,16493.8730,12,0.7900,17.1111,1100.4424,1118.3435,OK
u724_010.txt,u724,,10,48,186692.6019,186692.6019,181793.9135,90,7,iter_limit,5,1,358.5105,1,0.0229,0.0125,9.5161,9.5515,OK
u724_030.txt,u724,,30,48,100182.6346,100182.6346,95502.3308,92,5,iter_limit,9,2,3377.2898,2,0.0318,0.0128,13.7288,13.7734,OK
u724_075.txt,u724,,75,48,60719.7347,59334.8964,55143.9233,116,12,iter_limit,14,5,2431.1730,4,0.0485,0.1687,87.1109,87.3281,OK
u724_125.txt,u724,,125,48,43939.0930,41784.2160,39078.0846,144,16,iter_limit,18,6,1675.5324,5,0.0966,0.9352,197.1750,198.2068,OK
u724_200.txt,u724,,200,48,35516.3989,30657.0541,28156.2735,196,17,iter_limit,24,6,1752.4240,5,0.1368,4.0077,569.6782,573.8227,OK
ali535_005.txt,ali535,,5,49,10160.3124,10160.3124,9956.7698,86,5,iter_limit,6,3,7.0109,1,0.0107,0.0069,10.7715,10.7892,OK
ali535_025.txt,ali535,,25,49,3913.3643,3893.9386,3713.7696,140,6,iter_limit,14,3,54.4561,3,0.0291,0.0489,22.6282,22.7062,OK
ali535_050.txt,ali535,,50,49,2728.2717,2691.9033,2499.6137,168,13,iter_limit,19,6,90.6721,6,0.0241,0.0977,109.4894,109.6112,OK
ali535_100.txt,ali535,,100,49,2084.9586,1798.7370,1456.9783,209,21,iter_limit,26,5,133.2596,4,0.0565,0.7082,441.2593,442.0239,OK
ali535_150.txt,ali535,,150,49,1752.0454,1275.5146,1048.2297,175,25,iter_limit,21,8,126.1187,7,0.0631,2.3255,645.4028,647.7915,OK
fnl4461_0020.txt,fnl4461,,20,49,1329064.7705,1314770.3800,1286503.3684,132,13,iter_limit,13,3,2088.2992,2,4.1245,0.9809,510.9625,516.0681,OK
fnl4461_0100.txt,fnl4461,,100,49,572463.5758,572407.7504,554594.2222,244,25,iter_limit,30,11,3444.8401,10,4.7203,1.2364,1781.3124,1787.2692,OK
fnl4461_0250.txt,fnl4461,,250,49,366237.5759,363901.6646,344891.8969,260,38,iter_limit,32,17,9432.3907,14,6.6430,16.6980,2218.7624,2242.1035,OK
fnl4461_0500.txt,fnl4461,,500,49,255532.8046,248747.4844,230172.3904,275,54,time_limit,34,17,10752.0987,15,11.2196,130.8108,3607.2228,3749.2533,OK
fnl4461_1000.txt,fnl4461,,1000,49,182183.3087,162361.3496,149082.0741,178,65,time_limit,22,15,7880.3823,14,25.1595,556.1388,3607.0916,4188.3900,OK
lin318_005.txt,lin318,,5,49,181992.4091,181992.4091,180281.2051,76,4,iter_limit,4,1,141.2891,1,0.0066,0.0024,11.1073,11.1164,OK
lin318_015.txt,lin318,,15,49,96190.4849,92516.7880,88901.5631,138,12,iter_limit,12,5,1370.0139,3,0.0060,0.0087,23.1555,23.1703,OK
lin318_040.txt,lin318,,40,49,55741.4791,53349.7262,48278.4787,125,12,iter_limit,14,5,881.6724,5,0.0061,0.0295,24.3607,24.3963,OK
lin318_070.txt,lin318,,70,49,43737.6703,34669.1493,32368.2554,204,17,iter_limit,25,8,714.6934,5,0.0144,0.2264,246.2594,246.5002,OK
lin318_100.txt,lin318,,100,49,39226.0102,25521.9512,23243.7466,92,13,iter_limit,11,1,499.0512,1,0.0259,0.5016,415.3233,415.8508,OK
p3038_1000.dat,p3038,,1000,49,111264.1248,93163.6591,86905.9653,231,59,time_limit,28,19,3368.8945,14,21.3048,438.8206,3602.2193,4062.3447,OK
p3038_600.dat,p3038,,600,49,144728.9811,134888.5944,124306.2769,348,55,time_limit,43,22,7009.8500,21,6.1171,145.7385,3604.2198,3756.0755,OK
p3038_700.dat,p3038,,700,49,134544.0423,122838.2662,111345.1662,260,54,iter_limit,32,16,6983.4244,15,9.2962,170.6316,3206.5762,3386.5040,OK
p3038_800.dat,p3038,,800,49,127776.0895,111419.2072,101996.0528,180,37,iter_limit,22,10,5503.6667,9,12.0197,273.9557,2472.2077,2758.1832,OK
p3038_900.dat,p3038,,900,49,119044.8682,101858.1278,94424.4312,204,57,iter_limit,25,15,4051.0614,14,15.9178,459.0249,2956.7919,3431.7347,OK
pr2392_020.txt,pr2392,,20,49,2275774.3216,2275774.3216,2230356.8815,143,12,iter_limit,13,4,3321.9332,4,0.4958,0.1334,334.5413,335.1706,OK
pr2392_075.txt,pr2392,,75,49,1201927.7451,1186774.5772,1098957.2608,189,18,iter_limit,23,8,36969.0200,7,1.2300,3.8058,410.7896,415.8255,OK
pr2392_150.txt,pr2392,,150,49,822452.9584,801897.9042,719689.7305,164,32,iter_limit,20,12,31418.3038,12,1.4058,8.9153,744.8460,755.1672,OK
pr2392_300.txt,pr2392,,300,49,546545.9943,518687.2546,463726.8037,204,39,iter_limit,25,15,23238.2845,15,1.9795,30.3676,1500.9505,1533.2978,OK
pr2392_500.txt,pr2392,,500,49,414556.2953,361219.6179,319422.9459,324,50,iter_limit,40,18,14548.6101,17,3.6270,101.4218,2937.5066,3042.5555,OK
rl1304_010.txt,rl1304,,10,49,2173160.8966,2157613.0917,2146896.8051,158,12,iter_limit,13,6,9054.1209,3,0.1719,0.6289,128.5433,129.3442,OK
rl1304_050.txt,rl1304,,50,49,881054.7666,866098.2810,806145.6479,110,9,iter_limit,11,4,26888.5341,4,0.1837,0.1281,96.7817,97.0935,OK
rl1304_100.txt,rl1304,,100,49,573850.2459,553341.3261,502836.5498,196,18,iter_limit,24,8,19321.9865,8,0.2462,1.5654,273.8871,275.6987,OK
rl1304_200.txt,rl1304,,200,49,347645.0262,314353.7605,280346.8044,196,26,iter_limit,24,11,12524.2121,11,0.4674,5.0459,882.7958,888.3091,OK
rl1304_300.txt,rl1304,,300,49,270939.4638,215799.1435,195312.3719,108,19,iter_limit,13,4,10089.4712,4,0.7672,14.9095,564.6364,580.3131,OK
u724_010.txt,u724,,10,49,183932.1776,183932.1776,181778.6394,102,8,iter_limit,8,4,881.6493,2,0.0346,0.0130,14.8788,14.9264,OK
u724_030.txt,u724,,30,49,104819.4291,103765.6832,95249.1614,198,17,iter_limit,22,8,1988.7793,8,0.0432,0.0433,85.3542,85.4408,OK
u724_075.txt,u724,,75,49,61040.2988,58366.5121,55022.4734,236,16,iter_limit,29,10,2688.3184,9,0.0537,0.2343,108.8339,109.1220,OK
u724_125.txt,u724,,125,49,47083.0369,43677.8244,39453.1109,116,17,iter_limit,14,4,2708.5427,4,0.1086,1.0535,188.6372,189.7993,OK
u724_200.txt,u724,,200,49,36954.2107,29662.1686,28282.9767,148,15,iter_limit,18,6,971.5410,6,0.1841,4.5518,567.0478,571.7837,OK
ali535_005.txt,ali535,,5,50,10048.3333,10004.4554,9956.7698,73,2,iter_limit,6,2,33.9871,1,0.0169,0.0144,23.2407,23.2720,OK
ali535_025.txt,ali535,,25,50,3917.5933,3903.8482,3718.7645,87,8,iter_limit,6,1,58.2241,1,0.0213,0.0539,9.5693,9.6445,OK
ali535_050.txt,ali535,,50,50,2799.2321,2796.9147,2515.3704,93,8,iter_limit,10,3,118.6366,3,0.0234,0.0596,320.7793,320.8623,OK
ali535_100.txt,ali535,,100,50,1947.5252,1576.6620,1455.0487,150,16,iter_limit,18,6,31.7756,5,0.0385,0.7930,259.1514,259.9828,OK
ali535_150.txt,ali535,,150,50,1845.8117,1181.4437,1044.5964,188,24,iter_limit,23,12,44.5031,7,0.0673,1.9362,896.7184,898.7220,OK
fnl4461_0020.txt,fnl4461,,20,50,1316059.5405,1313786.3031,1284912.6366,236,15,iter_limit,26,7,3172.3314,7,3.5902,0.7022,1177.5199,1181.8124,OK
fnl4461_0100.txt,fnl4461,,100,50,572031.2551,571952.1012,554788.8252,174,17,iter_limit,21,9,9615.3151,9,4.1085,1.1544,1393.6914,1398.9543,OK
fnl4461_0250.txt,fnl4461,,250,50,363987.8792,360548.2224,340207.1890,188,33,iter_limit,23,16,15544.2423,13,7.2592,25.4090,2070.0646,2102.7329,OK
fnl4461_0500.txt,fnl4461,,500,50,252281.0969,247387.5660,228721.7615,204,39,iter_limit,25,15,13333.3795,14,11.1953,86.7593,2646.0796,2744.0344,OK
fnl4461_1000.txt,fnl4461,,1000,50,187148.1798,166105.0502,151241.1743,172,74,time_limit,21,13,6195.6829,12,27.2115,649.9646,3608.1295,4285.3058,OK
lin318_005.txt,lin318,,5,50,182454.9363,182454.9363,180281.2051,72,4,iter_limit,5,1,197.0978,1,0.0058,0.0024,13.5824,13.5905,OK
lin318_015.txt,lin318,,15,50,99159.2174,99159.2174,88901.5631,114,9,iter_limit,9,3,4831.9320,1,0.0055,0.0029,45.0188,45.0272,OK
lin318_040.txt,lin318,,40,50,55994.2324,51808.4702,48072.0217,118,10,iter_limit,14,6,1383.3366,6,0.0121,0.0472,125.1798,125.2392,OK
lin318_070.txt,lin318,,70,50,44297.0309,34382.8890,32327.6125,503,28,iter_limit,62,7,122.8739,7,0.0177,0.1935,440.8214,441.0327,OK
lin318_100.txt,lin318,,100,50,38636.5556,24835.1783,23179.5279,157,16,iter_limit,19,9,263.9982,1,0.0258,0.3831,573.7072,574.1161,OK
p3038_1000.dat,p3038,,1000,50,108610.0093,93863.7747,87416.4879,252,80,time_limit,31,17,3497.6369,15,18.3225,424.9676,3611.1632,4054.4534,OK
p3038_600.dat,p3038,,600,50,145705.5278,133578.6319,125490.2263,282,38,iter_limit,35,13,4100.8456,8,6.6713,131.9608,3269.7889,3408.4211,OK
p3038_700.dat,p3038,,700,50,132743.7873,120679.6243,111170.9801,300,50,time_limit,37,21,6731.1969,20,9.4890,200.8867,3604.1069,3814.4827,OK
p3038_800.dat,p3038,,800,50,123763.0147,109858.7201,101455.0286,256,46,time_limit,32,16,5874.3387,16,10.1872,213.1743,3601.5522,3824.9138,OK
p3038_900.dat,p3038,,900,50,116455.0905,100998.4556,93977.8159,172,36,iter_limit,21,12,5375.4453,12,13.0983,314.7806,2566.4449,2894.3239,OK
pr2392_020.txt,pr2392,,20,50,2305413.1693,2305413.1693,2232227.3368,168,13,iter_limit,17,2,4045.3590,2,0.6070,0.1384,373.6310,374.3764,OK
pr2392_075.txt,pr2392,,75,50,1156326.1825,1151162.9443,1100340.3229,221,14,iter_limit,27,7,28515.4571,6,0.6144,1.8061,483.4082,485.8288,OK
pr2392_150.txt,pr2392,,150,50,788394.6630,779071.6662,722624.9135,212,24,iter_limit,26,11,20764.9296,11,0.8908,4.7355,907.4986,913.1249,OK
pr2392_300.txt,pr2392,,300,50,533433.7374,502673.7040,462550.6504,252,34,iter_limit,31,17,31048.9147,17,1.9685,32.3127,1830.3587,1864.6400,OK
pr2392_500.txt,pr2392,,500,50,391858.0509,349869.7229,320218.6708,212,34,iter_limit,26,17,19764.7347,17,3.6335,76.3677,1857.1248,1937.1261,OK
rl1304_010.txt,rl1304,,10,50,2172529.4496,2165655.8105,2147861.2970,292,15,iter_limit,31,13,13510.7741,4,0.1855,0.2383,293.8196,294.2435,OK
rl1304_050.txt,rl1304,,50,50,860907.1784,854919.2928,808803.6724,171,21,iter_limit,18,9,16816.4389,9,0.2261,0.3688,271.5964,272.1914,OK
rl1304_100.txt,rl1304,,100,50,561981.2063,552129.2981,502548.4930,148,21,iter_limit,18,7,18818.8574,7,0.2952,0.6436,579.5513,580.4901,OK
rl1304_200.txt,rl1304,,200,50,383642.5733,339020.9275,280133.6664,140,20,iter_limit,17,7,18383.4710,7,0.5814,10.0413,704.1734,714.7962,OK
rl1304_300.txt,rl1304,,300,50,259668.4145,223532.1699,193829.9818,172,20,iter_limit,21,9,19483.6103,9,0.7735,12.9485,931.7845,945.5065,OK
u724_010.txt,u724,,10,50,184035.6194,184035.6194,181977.0453,152,6,iter_limit,13,4,1178.8223,2,0.0276,0.0120,26.8007,26.8403,OK
u724_030.txt,u724,,30,50,102488.6774,102253.2124,95661.2319,85,8,iter_limit,8,2,1518.8845,2,0.0334,0.0384,10.2210,10.2929,OK
u724_075.txt,u724,,75,50,60995.1370,59713.4583,55055.7910,116,12,iter_limit,14,4,3169.1334,4,0.0724,0.2516,39.8352,40.1592,OK
u724_125.txt,u724,,125,50,46976.5965,42838.9048,39266.0143,124,14,iter_limit,15,7,1985.9330,7,0.0977,1.4409,248.2766,249.8152,OK
u724_200.txt,u724,,200,50,38146.6850,30137.0796,28589.6510,116,11,iter_limit,14,6,782.2299,4,0.2011,4.0715,296.4176,300.6902,OK
ali535_005.txt,ali535,,5,51,11416.2670,11389.6173,9956.7698,76,5,iter_limit,5,2,28.1058,1,0.0078,0.0143,8.1500,8.1721,OK
ali535_025.txt,ali535,,25,51,3898.2145,3883.4820,3720.3291,248,7,iter_limit,25,6,44.9827,2,0.0242,0.0207,29.5491,29.5941,OK
ali535_050.txt,ali535,,50,51,2790.2902,2700.0922,2483.8625,178,14,iter_limit,20,6,69.0565,4,0.0374,0.1404,73.7498,73.9276,OK
ali535_100.txt,ali535,,100,51,1899.6720,1635.4180,1460.4534,226,16,iter_limit,28,6,50.1969,3,0.0446,0.5930,75.4619,76.0995,OK
ali535_150.txt,ali535,,150,51,1765.5871,1143.7655,1049.3659,92,12,iter_limit,11,4,34.5793,4,0.0716,2.1213,480.9020,483.0949,OK
fnl4461_0020.txt,fnl4461,,20,51,1319143.4273,1317497.3430,1284663.4980,231,26,iter_limit,25,8,5364.3194,8,3.7407,0.6945,1254.6762,1259.1114,OK
fnl4461_0100.txt,fnl4461,,100,51,576563.7659,576423.4701,554826.4910,173,27,iter_limit,21,11,5533.0367,10,5.3461,3.6673,1239.5886,1248.6021,OK
fnl4461_0250.txt,fnl4461,,250,51,363033.8067,361827.1855,342878.1866,164,23,iter_limit,20,11,15179.7063,10,7.0570,17.9742,1593.0284,1618.0597,OK
fnl4461_0500.txt,fnl4461,,500,51,252467.4184,247008.3754,229192.6174,234,47,iter_limit,29,13,12598.7578,13,10.9651,88.2625,3260.2237,3359.4514,OK
fnl4461_1000.txt,fnl4461,,1000,51,180244.2035,162530.1775,150776.0658,162,56,time_limit,20,12,4662.9538,12,29.5105,667.6960,3606.3511,4303.5576,OK
lin318_005.txt,lin318,,5,51,180282.3788,180282.3788,180281.2051,79,1,iter_limit,4,1,1.1737,1,0.0044,0.0024,10.7037,10.7105,OK
lin318_015.txt,lin318,,15,51,99992.3220,96749.2740,88901.5631,147,13,iter_limit,14,8,8870.7540,2,0.0050,0.0178,79.9349,79.9577,OK
lin318_040.txt,lin318,,40,51,58939.2587,52984.2574,48470.6155,92,11,iter_limit,11,4,996.1588,4,0.0070,0.0597,32.1407,32.2075,OK
lin318_070.txt,lin318,,70,51,47239.0051,36232.6770,32501.9744,150,20,iter_limit,18,6,488.6925,3,0.0184,0.2612,48.6242,48.9039,OK
lin318_100.txt,lin318,,100,51,44941.0803,25332.4629,23042.6526,258,22,iter_limit,32,14,1005.7229,3,0.0325,0.4788,848.7658,849.2772,OK
p3038_1000.dat,p3038,,1000,51,113136.1376,95318.3903,86877.1842,238,69,time_limit,29,19,4576.0987,15,19.8111,413.6965,3604.4485,4037.9562,OK
p3038_600.dat,p3038,,600,51,144923.0702,134037.4258,124247.7527,228,39,iter_limit,28,13,6593.3709,12,5.8828,126.8859,2296.8912,2429.6600,OK
p3038_700.dat,p3038,,700,51,132472.6708,120671.5132,112305.6132,180,40,iter_limit,22,14,5383.5726,13,7.8398,167.7802,2237.5269,2413.1469,OK
p3038_800.dat,p3038,,800,51,125859.8056,110945.7952,101967.5176,271,46,time_limit,33,19,5491.9836,15,12.0168,250.3180,3608.7593,3871.0942,OK
p3038_900.dat,p3038,,900,51,114972.2209,101985.5418,94042.7936,246,55,time_limit,30,16,4698.9935,15,14.9496,342.6643,3605.0854,3962.6994,OK
pr2392_020.txt,pr2392,,20,51,2298661.1526,2298262.4849,2230379.8644,213,14,iter_limit,23,3,8492.9902,3,0.6527,0.6993,503.3305,504.6826,OK
pr2392_075.txt,pr2392,,75,51,1152106.3333,1138756.4426,1105659.8781,172,12,iter_limit,21,7,29864.3032,7,0.7606,0.7818,351.6879,353.2304,OK
pr2392_150.txt,pr2392,,150,51,794257.5745,782380.5984,714303.6700,172,14,iter_limit,21,7,45799.5309,7,1.0270,3.1415,620.4415,624.6102,OK
pr2392_300.txt,pr2392,,300,51,518140.6735,499616.3515,464008.0774,276,27,iter_limit,34,13,25753.7267,12,1.8237,18.4190,2002.6062,2022.8489,OK
pr2392_500.txt,pr2392,,500,51,368774.8618,350183.2792,319057.9919,284,37,iter_limit,35,16,24276.4811,16,3.0847,37.3899,2585.2934,2625.7681,OK
rl1304_010.txt,rl1304,,10,51,2237874.4028,2223663.9366,2147907.5339,164,27,iter_limit,15,8,867.5906,5,0.1705,0.3731,116.8272,117.3708,OK
rl1304_050.txt,rl1304,,50,51,864953.6248,858942.3179,812710.0505,166,11,iter_limit,18,5,9934.6545,5,0.2013,0.2583,132.2923,132.7520,OK
rl1304_100.txt,rl1304,,100,51,553858.0228,539363.2765,506312.4344,189,19,iter_limit,23,9,17425.2755,8,0.2263,0.7883,631.3945,632.4090,OK
rl1304_200.txt,rl1304,,200,51,372768.6045,337035.6249,279485.5365,180,25,iter_limit,22,13,23089.3956,12,0.5015,4.9577,798.7893,804.2486,OK
rl1304_300.txt,rl1304,,300,51,270714.9526,216151.3336,194627.7986,148,24,iter_limit,18,10,12222.9628,10,0.6464,18.0783,761.9692,780.6940,OK
u724_010.txt,u724,,10,51,190866.3471,190456.7986,181885.5975,141,8,iter_limit,14,4,690.1002,3,0.0241,0.0243,22.9876,23.0359,OK
u724_030.txt,u724,,30,51,101606.3127,99124.6369,95419.0935,135,14,iter_limit,14,4,697.8467,4,0.0440,0.0442,20.0103,20.0986,OK
u724_075.txt,u724,,75,51,64259.5685,60727.7647,55523.8841,174,12,iter_limit,21,3,1486.6469,3,0.0816,0.3646,445.8342,446.2804,OK
u724_125.txt,u724,,125,51,47205.0274,43925.0979,39238.4379,100,13,iter_limit,12,3,2416.1342,3,0.1131,1.1738,90.1225,91.4095,OK
u724_200.txt,u724,,200,51,35699.9306,30674.2641,28613.7274,128,21,iter_limit,16,5,1244.6833,5,0.1984,3.9639,339.1411,343.3034,OK
